HB,Month,ReferralsAccepted,ReferralsAcceptedQF,ReferralsReceived,ReferralsReceivedQF
S08000015,202406,396,,431,
S08000016,202406,233,,252,
S08000017,202406,250,,270,
S08000019,202406,469,,530,
S08000020,202406,1082,,1247,y
S08000022,202406,255,,267,
S08000024,202406,1330,,1349,
S08000025,202406,13,,13,
S08000026,202406,27,,28,
S08000028,202406,29,,31,
S08000029,202406,726,,822,
S08000030,202406,577,,759,
S08000031,202406,2233,,2233,y e
S08000032,202406,1025,,1099,
S92000003,202406,8699,d,9409,d y
SB0803,202406,54,,78,
S08000015,202405,400,,423,
S08000016,202405,307,,329,
S08000017,202405,223,,242,
S08000019,202405,475,,531,
S08000020,202405,1231,,1425,y
S08000022,202405,263,,273,
S08000024,202405,1480,,1515,
S08000025,202405,22,,22,
S08000026,202405,36,,36,
S08000028,202405,35,,36,
S08000029,202405,922,,934,
S08000030,202405,736,,944,
S08000031,202405,2614,,2614,y e
S08000032,202405,1111,,1222,
S92000003,202405,9923,d,10654,d y
SB0803,202405,68,,108,
S08000015,202404,374,,406,
S08000016,202404,258,,277,
S08000017,202404,284,,297,
S08000019,202404,446,,446,
S08000020,202404,1178,,1285,y
S08000022,202404,267,,283,
S08000024,202404,1353,,1387,
S08000025,202404,21,,21,
S08000026,202404,19,,20,
S08000028,202404,40,,43,
S08000029,202404,648,,742,
S08000030,202404,675,,856,
S08000031,202404,2456,,2456,y e
S08000032,202404,1140,,1286,
S92000003,202404,9230,d,9919,d y
SB0803,202404,71,,114,
S08000015,202403,389,,419,
S08000016,202403,317,,357,
S08000017,202403,265,,275,
S08000019,202403,421,,421,
S08000020,202403,1123,,1123,y
S08000022,202403,232,,251,
S08000024,202403,1369,,1381,
S08000025,202403,23,,23,
S08000026,202403,32,,35,
S08000028,202403,25,,25,
S08000029,202403,830,,946,
S08000030,202403,737,,926,
S08000031,202403,2083,,2083,y e
S08000032,202403,1039,,1178,
S92000003,202403,8944,d,9524,d y
SB0803,202403,59,,81,
S08000015,202402,398,,427,
S08000016,202402,290,,332,
S08000017,202402,292,,314,
S08000019,202402,428,,449,
S08000020,202402,761,,761,y
S08000022,202402,261,,280,
S08000024,202402,1429,,1454,
S08000025,202402,17,,17,
S08000026,202402,37,,37,
S08000028,202402,31,,32,
S08000029,202402,816,,948,
S08000030,202402,765,,904,
S08000031,202402,2191,,2191,y e
S08000032,202402,1178,,1297,
S92000003,202402,8959,d,9526,d y
SB0803,202402,65,,83,
S08000015,202401,380,,415,
S08000016,202401,333,,379,
S08000017,202401,295,,310,
S08000019,202401,459,,478,
S08000020,202401,792,,792,y
S08000022,202401,240,,258,
S08000024,202401,1424,,1446,
S08000025,202401,17,,17,
S08000026,202401,29,,32,
S08000028,202401,29,,33,
S08000029,202401,770,,880,
S08000030,202401,687,,907,
S08000031,202401,2499,,2499,y e
S08000032,202401,1162,,1288,
S92000003,202401,9185,d,9825,d y
SB0803,202401,69,,91,
S08000015,202312,309,,330,
S08000016,202312,275,,313,
S08000017,202312,188,,219,
S08000019,202312,358,,373,
S08000020,202312,728,,728,y
S08000022,202312,240,,256,
S08000024,202312,1211,,1230,
S08000025,202312,16,,16,
S08000026,202312,35,,35,
S08000028,202312,27,,29,
S08000029,202312,654,,737,
S08000030,202312,572,,707,
S08000031,202312,2138,,2138,y e
S08000032,202312,919,,1019,
S92000003,202312,7729,d,8195,d y
SB0803,202312,59,,65,
S08000015,202311,490,,506,
S08000016,202311,371,,405,
S08000017,202311,316,,328,
S08000019,202311,498,,513,
S08000020,202311,841,,841,y
S08000022,202311,363,,388,
S08000024,202311,1703,,1742,
S08000025,202311,18,,18,
S08000026,202311,47,,47,
S08000028,202311,33,,36,
S08000029,202311,920,,1031,
S08000030,202311,796,,973,
S08000031,202311,2973,,2973,y e
S08000032,202311,1293,,1376,
S92000003,202311,10723,d,11257,d y
SB0803,202311,61,,80,
S08000015,202310,420,,439,
S08000016,202310,327,,360,
S08000017,202310,257,,267,
S08000019,202310,464,,479,
S08000020,202310,764,,764,y
S08000022,202310,276,r,292,
S08000024,202310,1624,,1652,
S08000025,202310,25,,25,
S08000026,202310,23,,23,
S08000028,202310,31,,33,
S08000029,202310,713,r,804,r
S08000030,202310,743,r,895,r
S08000031,202310,7629,r,7629,y e r
S08000032,202310,1300,r,1315,r
S92000003,202310,14662,d r,15053,d y
SB0803,202310,66,,76,
S08000015,202309,387,,399,
S08000016,202309,386,,433,
S08000017,202309,282,,303,
S08000019,202309,459,,484,
S08000020,202309,715,,715,y
S08000022,202309,317,,332,
S08000024,202309,1356,,1377,
S08000025,202309,18,,18,
S08000026,202309,20,,20,
S08000028,202309,28,,29,
S08000029,202309,769,,903,
S08000030,202309,812,,981,
S08000031,202309,6940,,6940,y e
S08000032,202309,1193,,1206,
S92000003,202309,13759,d,14220,d y
SB0803,202309,77,,80,
S08000015,202308,434,,467,
S08000016,202308,392,,437,
S08000017,202308,253,,262,
S08000019,202308,512,,533,
S08000020,202308,698,,698,e
S08000022,202308,271,,281,
S08000024,202308,1375,,1397,
S08000025,202308,22,,22,
S08000026,202308,32,,32,
S08000028,202308,41,,42,
S08000029,202308,851,,985,
S08000030,202308,816,,1008,
S08000031,202308,7467,,7467,y e
S08000032,202308,1297,,1309,
S92000003,202308,14534,d,15018,d y
SB0803,202308,73,,78,
S08000015,202307,377,,400,
S08000016,202307,315,,343,
S08000017,202307,278,,281,
S08000019,202307,453,,469,
S08000020,202307,605,,605,e
S08000022,202307,252,,261,
S08000024,202307,1346,,1363,
S08000025,202307,15,,15,
S08000026,202307,20,,20,
S08000028,202307,31,,33,
S08000029,202307,630,,713,
S08000030,202307,623,,746,
S08000031,202307,6515,,6515,y e
S08000032,202307,1043,,1048,
S92000003,202307,12619,d,12943,d y
SB0803,202307,116,,131,
S08000015,202306,376,,398,
S08000016,202306,372,,419,
S08000017,202306,306,,323,
S08000019,202306,549,,563,
S08000020,202306,705,,705,y
S08000022,202306,312,,326,
S08000024,202306,1467,,1501,
S08000025,202306,21,,21,
S08000026,202306,21,,21,
S08000028,202306,30,,32,
S08000029,202306,782,,892,
S08000030,202306,671,,850,
S08000031,202306,6608,,6608,y e
S08000032,202306,1300,,1313,
S92000003,202306,13589,d,14057,d y
SB0803,202306,69,,85,
S08000015,202305,389,,404,
S08000016,202305,395,,437,
S08000017,202305,247,,264,
S08000019,202305,456,,482,
S08000020,202305,694,,694,y
S08000022,202305,279,,287,
S08000024,202305,1539,,1556,
S08000025,202305,21,,21,
S08000026,202305,30,,30,
S08000028,202305,44,,45,
S08000029,202305,877,,974,
S08000030,202305,781,,942,
S08000031,202305,6608,,6608,y e
S08000032,202305,1251,,1266,
S92000003,202305,13677,d,14087,d y
SB0803,202305,66,,77,
S08000015,202304,358,,378,
S08000016,202304,280,,303,
S08000017,202304,254,,263,
S08000019,202304,410,,429,
S08000020,202304,499,,499,y
S08000022,202304,247,,251,
S08000024,202304,1383,,1413,
S08000025,202304,10,,10,
S08000026,202304,15,,15,
S08000028,202304,27,,29,
S08000029,202304,662,,748,
S08000030,202304,619,,738,
S08000031,202304,5754,,5754,y e
S08000032,202304,956,,969,
S92000003,202304,11550,d,11880,d y
SB0803,202304,76,,81,
S08000015,202303,409,,426,
S08000016,202303,437,,470,
S08000017,202303,317,,328,
S08000019,202303,459,,472,
S08000020,202303,679,,679,y
S08000022,202303,327,,339,
S08000024,202303,1610,,1629,
S08000025,202303,19,,19,
S08000026,202303,29,,29,
S08000028,202303,42,,45,
S08000029,202303,949,,1107,
S08000030,202303,758,,974,
S08000031,202303,7711,,7711,y e
S08000032,202303,1255,,1270,
S92000003,202303,15087,d,15600,d y
SB0803,202303,86,,102,
S08000015,202302,385,,408,
S08000016,202302,367,,390,
S08000017,202302,255,,271,
S08000019,202302,364,,383,
S08000020,202302,660,,660,y
S08000022,202302,300,,308,
S08000024,202302,1497,,1514,
S08000025,202302,21,,21,
S08000026,202302,18,,18,
S08000028,202302,36,,39,
S08000029,202302,802,,910,
S08000030,202302,652,,792,
S08000031,202302,6732,,6732,y e
S08000032,202302,1155,,1183,
S92000003,202302,13306,d,13707,d y
SB0803,202302,62,,78,
S08000015,202301,469,,487,
S08000016,202301,374,,388,
S08000017,202301,258,,273,
S08000019,202301,372,,392,
S08000020,202301,645,,645,y
S08000022,202301,262,,271,
S08000024,202301,1450,,1476,
S08000025,202301,26,,26,
S08000026,202301,23,,23,
S08000028,202301,34,,37,
S08000029,202301,858,,970,
S08000030,202301,621,,767,
S08000031,202301,5374,,5374,y e
S08000032,202301,1157,,1170,
S92000003,202301,11954,d,12334,d y
SB0803,202301,31,,35,
S08000015,202212,381,,399,
S08000016,202212,335,,350,
S08000017,202212,221,,232,
S08000019,202212,287,,298,
S08000020,202212,578,,578,y
S08000022,202212,228,,232,
S08000024,202212,1080,,1098,
S08000025,202212,14,,14,
S08000026,202212,19,,19,
S08000028,202212,29,,33,
S08000029,202212,642,,715,
S08000030,202212,560,,685,
S08000031,202212,4550,,4550,y e
S08000032,202212,872,,882,
S92000003,202212,9858,d,10152,d y
SB0803,202212,62,,67,
S08000015,202211,510,,553,
S08000016,202211,438,,455,
S08000017,202211,289,,303,
S08000019,202211,500,,513,
S08000020,202211,745,,745,y
S08000022,202211,372,,380,
S08000024,202211,1449,,1476,
S08000025,202211,29,,29,
S08000026,202211,31,,31,
S08000028,202211,33,,36,
S08000029,202211,896,,991,
S08000030,202211,592,,769,
S08000031,202211,6971,,6971,y e
S08000032,202211,1414,,1426,
S92000003,202211,14341,d,14755,d y
SB0803,202211,72,,77,
S08000015,202210,464,,483,
S08000016,202210,412,,424,
S08000017,202210,222,,233,
S08000019,202210,367,,385,
S08000020,202210,723,,723,y
S08000022,202210,297,,304,
S08000024,202210,1429,,1461,
S08000025,202210,38,,38,
S08000026,202210,32,,33,
S08000028,202210,32,,39,
S08000029,202210,764,,836,
S08000030,202210,701,,831,
S08000031,202210,6554,,6554,y e
S08000032,202210,1142,,1158,
S92000003,202210,13248,d,13580,d y
SB0803,202210,71,,78,
S08000015,202209,434,,460,
S08000016,202209,398,,421,
S08000017,202209,327,,341,
S08000019,202209,410,,433,
S08000020,202209,731,,731,y
S08000022,202209,387,,395,
S08000024,202209,1377,,1394,
S08000025,202209,32,,32,
S08000026,202209,35,,37,
S08000028,202209,29,,35,
S08000029,202209,807,,890,
S08000030,202209,722,,760,
S08000031,202209,6222,,6222,y e
S08000032,202209,1142,,1158,
S92000003,202209,13136,d,13393,d y
SB0803,202209,83,,84,
S08000015,202208,424,,444,
S08000016,202208,398,,412,
S08000017,202208,327,,341,
S08000019,202208,397,,428,
S08000020,202208,767,,767,y
S08000022,202208,394,,409,
S08000024,202208,1432,,1452,
S08000025,202208,13,,13,
S08000026,202208,23,,23,
S08000028,202208,33,,34,
S08000029,202208,815,,883,
S08000030,202208,701,,760,
S08000031,202208,6370,,6370,y e
S08000032,202208,1260,,1279,
S92000003,202208,13450,d,13724,d y
SB0803,202208,96,,109,
S08000015,202207,358,,382,
S08000016,202207,333,,342,
S08000017,202207,268,,281,
S08000019,202207,304,,328,
S08000020,202207,496,,496,y
S08000022,202207,424,,431,
S08000024,202207,1199,,1223,
S08000025,202207,18,,18,
S08000026,202207,22,,22,
S08000028,202207,31,,34,
S08000029,202207,564,,605,
S08000030,202207,518,,551,
S08000031,202207,5306,,5306,y e
S08000032,202207,1060,,1073,
S92000003,202207,10949,d,11153,d y
SB0803,202207,48,,61,
S08000015,202206,370,,396,
S08000016,202206,435,,461,
S08000017,202206,296,,317,
S08000019,202206,333,,348,
S08000020,202206,1006,,1006,y
S08000022,202206,421,,435,
S08000024,202206,1287,,1305,
S08000025,202206,6,,6,
S08000026,202206,16,,18,
S08000028,202206,41,,42,
S08000029,202206,786,,853,
S08000030,202206,625,,664,
S08000031,202206,6009,,6009,y e
S08000032,202206,1148,,1167,
S92000003,202206,12862,d,13124,d y
SB0803,202206,83,,97,
S08000015,202205,402,,413,
S08000016,202205,394,,405,
S08000017,202205,341,,364,
S08000019,202205,350,,368,
S08000020,202205,1022,,1022,y
S08000022,202205,505,,516,
S08000024,202205,1496,,1528,
S08000025,202205,18,,18,
S08000026,202205,30,,31,
S08000028,202205,50,,52,
S08000029,202205,868,,937,
S08000030,202205,703,,762,
S08000031,202205,6396,,6396,y e
S08000032,202205,1276,,1297,
S92000003,202205,13906,d,14168,d y
SB0803,202205,55,,59,
S08000015,202204,332,,351,
S08000016,202204,323,,340,
S08000017,202204,380,,394,
S08000019,202204,323,,337,
S08000020,202204,853,,853,y
S08000022,202204,423,,433,
S08000024,202204,1322,,1347,
S08000025,202204,24,,24,
S08000026,202204,19,,19,
S08000028,202204,31,,33,
S08000029,202204,737,b,790,b
S08000030,202204,522,,572,
S08000031,202204,5374,,5374,y e
S08000032,202204,1085,,1102,
S92000003,202204,11761,d,11982,d y
SB0803,202204,13,,13,
S08000015,202203,349,,374,
S08000016,202203,390,,412,
S08000017,202203,335,,349,
S08000019,202203,349,,383,
S08000020,202203,485,,485,y
S08000022,202203,543,,549,
S08000024,202203,1607,,1639,
S08000025,202203,20,,20,
S08000026,202203,16,,17,
S08000028,202203,31,,35,
S08000029,202203,1127,,1199,
S08000030,202203,726,,773,
S08000031,202203,6772,,6772,y e
S08000032,202203,1460,,1488,
S92000003,202203,14210,d,14495,d y
SB0803,202203,,:,,:
S08000015,202202,416,,424,
S08000016,202202,367,,392,
S08000017,202202,300,,321,
S08000019,202202,360,,381,
S08000020,202202,718,,718,y
S08000022,202202,479,,481,
S08000024,202202,1451,,1478,
S08000025,202202,14,,14,
S08000026,202202,13,,13,
S08000028,202202,25,,28,
S08000029,202202,860,,916,
S08000030,202202,604,,657,
S08000031,202202,6080,,6080,y e
S08000032,202202,1274,,1287,
S92000003,202202,12961,d,13190,d y
SB0803,202202,,:,,:
S08000015,202201,354,,378,
S08000016,202201,365,,381,
S08000017,202201,295,,303,
S08000019,202201,353,,407,
S08000020,202201,787,,787,y
S08000022,202201,474,,492,
S08000024,202201,1483,,1501,
S08000025,202201,5,,5,
S08000026,202201,15,,15,
S08000028,202201,22,,26,
S08000029,202201,897,,954,
S08000030,202201,576,,632,
S08000031,202201,5650,,5650,y e
S08000032,202201,1128,,1147,
S92000003,202201,12404,d,12678,d y
SB0803,202201,0,,0,
S08000015,202112,333,,354,
S08000016,202112,362,,372,
S08000017,202112,310,,321,
S08000019,202112,364,,386,
S08000020,202112,865,,865,y
S08000022,202112,488,,502,
S08000024,202112,1254,,1270,
S08000025,202112,14,,14,
S08000026,202112,14,,14,
S08000028,202112,24,,25,
S08000029,202112,884,,920,
S08000030,202112,593,,644,
S08000031,202112,5699,,5699,y e
S08000032,202112,1015,,1048,
S92000003,202112,12219,d,12434,d y
SB0803,202112,0,,0,
S08000015,202111,492,,519,
S08000016,202111,399,,421,
S08000017,202111,329,,343,
S08000019,202111,411,,440,
S08000020,202111,936,,936,y
S08000022,202111,524,,538,
S08000024,202111,1703,,1727,
S08000025,202111,14,,14,
S08000026,202111,23,,26,
S08000028,202111,24,,24,
S08000029,202111,1006,,1058,
S08000030,202111,707,,778,
S08000031,202111,6834,,6834,y e
S08000032,202111,1199,,1257,
S92000003,202111,14618,d,14936,d y
SB0803,202111,17,,21,
S08000015,202110,396,,412,
S08000016,202110,347,,362,
S08000017,202110,279,,283,
S08000019,202110,367,,384,
S08000020,202110,856,,856,y
S08000022,202110,483,,494,
S08000024,202110,1518,,1539,
S08000025,202110,21,,21,
S08000026,202110,22,,27,
S08000028,202110,30,,30,
S08000029,202110,862,,907,
S08000030,202110,598,,647,
S08000031,202110,6331,,6331,y e
S08000032,202110,1097,,1149,
S92000003,202110,13259,d,13510,d y
SB0803,202110,52,,68,
S08000015,202109,417,,437,
S08000016,202109,360,,378,
S08000017,202109,341,,356,
S08000019,202109,490,,507,
S08000020,202109,825,,825,y
S08000022,202109,473,,481,
S08000024,202109,1597,,1632,
S08000025,202109,6,,6,
S08000026,202109,28,,28,
S08000028,202109,19,,19,
S08000029,202109,939,,993,
S08000030,202109,652,,700,
S08000031,202109,6067,,6067,y e
S08000032,202109,1134,,1205,
S92000003,202109,13435,d,13742,d y
SB0803,202109,87,,108,
S08000015,202108,323,,341,
S08000016,202108,361,,375,
S08000017,202108,271,,279,
S08000019,202108,403,,419,
S08000020,202108,794,,794,y
S08000022,202108,510,,521,
S08000024,202108,1440,,1458,
S08000025,202108,12,,12,
S08000026,202108,23,,23,
S08000028,202108,20,,21,
S08000029,202108,843,,891,
S08000030,202108,669,,719,
S08000031,202108,6184,,6184,y e
S08000032,202108,1293,,1361,
S92000003,202108,13235,d,13509,d y
SB0803,202108,89,,111,
S08000015,202107,399,,416,
S08000016,202107,336,,352,
S08000017,202107,292,,304,
S08000019,202107,336,,356,
S08000020,202107,786,,786,y
S08000022,202107,533,,536,
S08000024,202107,1691,,1717,
S08000025,202107,10,,10,
S08000026,202107,18,,18,
S08000028,202107,21,,21,
S08000029,202107,780,,827,
S08000030,202107,620,,659,
S08000031,202107,5753,,5753,y e
S08000032,202107,1110,,1173,
S92000003,202107,12764,d,13034,d y
SB0803,202107,79,,106,
S08000015,202106,455,,469,
S08000016,202106,396,,412,
S08000017,202106,361,,370,
S08000019,202106,425,,453,
S08000020,202106,946,,946,y
S08000022,202106,545,,556,
S08000024,202106,1562,,1595,
S08000025,202106,16,,16,
S08000026,202106,34,,34,
S08000028,202106,19,,21,
S08000029,202106,986,,1046,
S08000030,202106,799,,835,
S08000031,202106,6556,,6556,y e
S08000032,202106,1224,b,1316,b
S92000003,202106,14352,d,14668,d y
SB0803,202106,28,,43,
S08000015,202105,403,,425,
S08000016,202105,344,,361,
S08000017,202105,274,,282,
S08000019,202105,398,,409,
S08000020,202105,935,,935,y
S08000022,202105,486,,489,
S08000024,202105,1521,,1540,
S08000025,202105,13,,13,
S08000026,202105,35,,35,
S08000028,202105,22,,22,
S08000029,202105,914,,979,
S08000030,202105,604,,649,
S08000031,202105,6187,,6187,y e
S08000032,202105,1292,,1353,
S92000003,202105,13428,d,13679,d y
SB0803,202105,0,,0,
S08000015,202104,347,,355,
S08000016,202104,351,,369,
S08000017,202104,332,,340,
S08000019,202104,387,,409,
S08000020,202104,768,,768,y
S08000022,202104,534,,538,
S08000024,202104,1592,,1615,
S08000025,202104,17,,17,
S08000026,202104,37,,37,
S08000028,202104,20,,21,
S08000029,202104,874,,939,
S08000030,202104,578,,620,
S08000031,202104,5917,,5917,y e
S08000032,202104,1251,,1296,
S92000003,202104,13005,d,13241,d y
SB0803,202104,0,,0,
S08000015,202103,452,,486,
S08000016,202103,359,,379,
S08000017,202103,279,,281,
S08000019,202103,466,,477,
S08000020,202103,848,,848,y
S08000022,202103,494,,501,
S08000024,202103,1844,,1862,
S08000025,202103,16,,16,
S08000026,202103,42,,42,
S08000028,202103,24,,26,
S08000029,202103,938,,995,
S08000030,202103,592,,645,
S08000031,202103,6777,,6777,y e
S08000032,202103,1242,,1407,
S92000003,202103,14373,d,14742,d y
SB0803,202103,0,,0,
S08000015,202102,407,,434,
S08000016,202102,299,,317,
S08000017,202102,215,,219,
S08000019,202102,375,,394,
S08000020,202102,631,,631,y
S08000022,202102,293,,299,
S08000024,202102,1440,,1455,
S08000025,202102,12,,12,
S08000026,202102,31,,31,
S08000028,202102,30,,32,
S08000029,202102,690,,742,
S08000030,202102,519,,553,
S08000031,202102,5224,,5224,y e
S08000032,202102,995,,1116,
S92000003,202102,11161,d,11459,d y
SB0803,202102,,:,,:
S08000015,202101,365,,390,
S08000016,202101,239,,253,
S08000017,202101,244,,253,
S08000019,202101,469,,501,
S08000020,202101,535,,535,y
S08000022,202101,282,,284,
S08000024,202101,1289,,1311,
S08000025,202101,5,,5,
S08000026,202101,29,,29,
S08000028,202101,31,,38,
S08000029,202101,595,,635,
S08000030,202101,580,,605,
S08000031,202101,5777,,5777,y e
S08000032,202101,926,,1060,
S92000003,202101,11442,d,11783,d y
SB0803,202101,76,,107,
S08000015,202012,382,,399,
S08000016,202012,236,,240,
S08000017,202012,272,,278,
S08000019,202012,473,,491,
S08000020,202012,697,,697,y
S08000022,202012,237,,238,
S08000024,202012,1322,,1358,
S08000025,202012,11,,11,
S08000026,202012,38,,38,
S08000028,202012,15,,17,
S08000029,202012,707,,772,
S08000030,202012,477,,507,
S08000031,202012,5974,,5974,y e
S08000032,202012,1050,,1282,
S92000003,202012,11952,d,12389,d y
SB0803,202012,61,,87,
S08000015,202011,382,,402,
S08000016,202011,229,b,248,b
S08000017,202011,268,,278,
S08000019,202011,605,,632,
S08000020,202011,744,,744,y
S08000022,202011,342,,344,
S08000024,202011,1575,,1604,
S08000025,202011,14,,14,
S08000026,202011,21,,23,
S08000028,202011,23,,30,
S08000029,202011,905,,961,
S08000030,202011,584,,619,
S08000031,202011,6205,,6205,y e
S08000032,202011,1201,,1401,
S92000003,202011,13196,d,13641,d y
SB0803,202011,98,,136,
S08000015,202010,357,,370,
S08000016,202010,74,,77,
S08000017,202010,249,,252,
S08000019,202010,638,,647,
S08000020,202010,576,,576,y
S08000022,202010,218,,225,
S08000024,202010,1704,,1743,
S08000025,202010,16,,16,
S08000026,202010,34,,38,
S08000028,202010,33,,38,
S08000029,202010,843,,889,
S08000030,202010,597,,635,
S08000031,202010,6272,,6272,y e
S08000032,202010,960,,1126,
S92000003,202010,12571,d,12904,d y
SB0803,202010,,:,,:
S08000015,202009,401,,413,
S08000016,202009,83,,84,
S08000017,202009,244,,248,
S08000019,202009,474,,479,
S08000020,202009,588,,588,y
S08000022,202009,272,,279,
S08000024,202009,1343,,1363,
S08000025,202009,11,,11,
S08000026,202009,49,,49,
S08000028,202009,27,,35,
S08000029,202009,744,,828,
S08000030,202009,594,,631,
S08000031,202009,6142,,6142,y e
S08000032,202009,1051,,1296,
S92000003,202009,12114,d,12597,d y
SB0803,202009,91,,151,
S08000015,202008,364,,376,
S08000016,202008,49,y,57,y
S08000017,202008,113,,116,
S08000019,202008,452,,482,
S08000020,202008,494,,494,y
S08000022,202008,295,,295,
S08000024,202008,1280,,1300,
S08000025,202008,9,,9,
S08000026,202008,13,,13,
S08000028,202008,43,,50,
S08000029,202008,738,,804,
S08000030,202008,553,,579,
S08000031,202008,5623,,5623,y e
S08000032,202008,963,,1107,
S92000003,202008,11058,d,11418,d y
SB0803,202008,69,,113,
S08000015,202007,307,,312,
S08000016,202007,62,,65,
S08000017,202007,100,,104,
S08000019,202007,361,,371,
S08000020,202007,488,,488,y
S08000022,202007,298,,298,
S08000024,202007,1296,,1318,
S08000025,202007,12,,12,
S08000026,202007,6,,6,
S08000028,202007,29,,50,
S08000029,202007,426,,455,
S08000030,202007,574,,605,
S08000031,202007,5331,,5331,y e
S08000032,202007,834,,956,
S92000003,202007,10205,d,10487,d y
SB0803,202007,81,,116,
S08000015,202006,250,,267,
S08000016,202006,43,b,43,b
S08000017,202006,43,,46,
S08000019,202006,340,,349,
S08000020,202006,457,,457,y
S08000022,202006,272,,275,
S08000024,202006,1255,,1278,
S08000025,202006,9,,9,
S08000026,202006,16,,16,
S08000028,202006,17,,18,
S08000029,202006,303,,336,
S08000030,202006,435,,476,
S08000031,202006,4717,,4717,y e
S08000032,202006,715,,861,
S92000003,202006,8958,d,9284,d y
SB0803,202006,86,,136,
S08000015,202005,204,,217,
S08000016,202005,39,,39,
S08000017,202005,25,,25,
S08000019,202005,246,,256,
S08000020,202005,325,,325,y
S08000022,202005,145,,145,
S08000024,202005,967,,976,
S08000025,202005,9,,9,
S08000026,202005,8,,9,
S08000028,202005,23,,26,
S08000029,202005,179,,213,
S08000030,202005,365,,378,
S08000031,202005,3460,,3460,y e
S08000032,202005,566,,670,
S92000003,202005,6612,d,6846,d y
SB0803,202005,51,,98,
S08000015,202004,104,,111,
S08000016,202004,58,,58,
S08000017,202004,44,,51,
S08000019,202004,193,,196,
S08000020,202004,158,,158,y
S08000022,202004,168,,169,
S08000024,202004,1573,,1586,
S08000025,202004,1,,1,
S08000026,202004,0,,1,
S08000028,202004,16,,19,
S08000029,202004,151,,174,
S08000030,202004,305,,317,
S08000031,202004,2464,,2464,y e
S08000032,202004,330,,447,
S92000003,202004,5603,d,5827,d y
SB0803,202004,38,,75,
S08000015,202003,282,,315,
S08000016,202003,93,,93,
S08000017,202003,233,,236,
S08000019,202003,367,,377,
S08000020,202003,533,,533,y
S08000022,202003,397,,402,
S08000024,202003,1450,,1474,
S08000025,202003,10,,10,
S08000026,202003,15,,15,
S08000028,202003,24,,27,
S08000029,202003,716,,798,
S08000030,202003,533,,569,
S08000031,202003,5113,,5113,y e
S08000032,202003,905,,1111,
S92000003,202003,10708,d,11134,d y
SB0803,202003,37,,61,
S08000015,202002,386,,418,
S08000016,202002,94,,94,
S08000017,202002,341,,353,
S08000019,202002,440,,462,
S08000020,202002,708,,708,y
S08000022,202002,437,,438,
S08000024,202002,1708,,1725,
S08000025,202002,11,,11,
S08000026,202002,9,,12,
S08000028,202002,26,,32,
S08000029,202002,1001,,1078,
S08000030,202002,665,,698,
S08000031,202002,6608,,6608,y e
S08000032,202002,1160,,1383,
S92000003,202002,13642,d,14103,d y
SB0803,202002,48,,83,
S08000015,202001,323,,345,
S08000016,202001,117,,118,
S08000017,202001,347,,367,
S08000019,202001,431,,460,
S08000020,202001,634,,634,y
S08000022,202001,301,,302,
S08000024,202001,1748,,1772,
S08000025,202001,10,,10,
S08000026,202001,24,,25,
S08000028,202001,39,,41,
S08000029,202001,1023,,1095,
S08000030,202001,724,,767,
S08000031,202001,6668,,6668,y e
S08000032,202001,1206,,1407,
S92000003,202001,13650,d,14109,d y
SB0803,202001,55,,98,
S08000015,201912,326,,344,
S08000016,201912,91,,91,
S08000017,201912,281,,292,
S08000019,201912,395,u,427,u
S08000020,201912,580,,580,y
S08000022,201912,315,,317,
S08000024,201912,1431,,1460,
S08000025,201912,6,,6,
S08000026,201912,11,,20,
S08000028,201912,29,,39,
S08000029,201912,796,,842,
S08000030,201912,534,,569,
S08000031,201912,4726,,4726,y e
S08000032,201912,913,,1162,
S92000003,201912,10466,d,10923,d
SB0803,201912,32,,48,
S08000015,201911,372,,395,
S08000016,201911,120,,120,
S08000017,201911,367,,377,
S08000019,201911,506,u,549,u
S08000020,201911,597,,597,y
S08000022,201911,350,,352,
S08000024,201911,1672,,1699,
S08000025,201911,16,,16,
S08000026,201911,18,,26,
S08000028,201911,36,,46,
S08000029,201911,1017,,1052,
S08000030,201911,740,,784,
S08000031,201911,6308,,6308,y e
S08000032,201911,1169,,1359,
S92000003,201911,13344,d,13773,d
SB0803,201911,56,,93,
S08000015,201910,404,,427,
S08000016,201910,111,,111,
S08000017,201910,347,,357,
S08000019,201910,492,u,523,u
S08000020,201910,590,,590,y
S08000022,201910,446,,450,
S08000024,201910,1905,,1942,
S08000025,201910,16,,16,
S08000026,201910,17,,20,
S08000028,201910,47,,58,
S08000029,201910,879,,912,
S08000030,201910,680,,719,
S08000031,201910,6566,,6566,y e
S08000032,201910,1067,,1330,
S92000003,201910,13617,d,14114,d
SB0803,201910,50,,93,
S08000015,201909,419,,439,
S08000016,201909,102,,102,
S08000017,201909,360,,376,
S08000019,201909,502,u,534,u
S08000020,201909,563,,563,y
S08000022,201909,420,,421,
S08000024,201909,1484,,1498,
S08000025,201909,26,,26,
S08000026,201909,15,,16,
S08000028,201909,34,,40,
S08000029,201909,949,,991,
S08000030,201909,683,,730,
S08000031,201909,6241,,6241,y e
S08000032,201909,1031,,1281,
S92000003,201909,12888,d,13352,d
SB0803,201909,59,,94,
S08000015,201908,394,,415,
S08000016,201908,98,,98,
S08000017,201908,314,,326,
S08000019,201908,493,u,523,u
S08000020,201908,519,,519,y
S08000022,201908,381,,381,
S08000024,201908,1558,,1592,
S08000025,201908,19,,19,
S08000026,201908,19,,21,
S08000028,201908,36,,44,
S08000029,201908,987,,1042,
S08000030,201908,633,,680,
S08000031,201908,6533,,6533,y e
S08000032,201908,1151,,1302,
S92000003,201908,13201,d,13591,d
SB0803,201908,66,,96,
S08000015,201907,432,,458,
S08000016,201907,128,,128,
S08000017,201907,331,,342,
S08000019,201907,492,u,529,u
S08000020,201907,525,,525,y
S08000022,201907,306,,306,
S08000024,201907,1583,,1622,
S08000025,201907,25,,25,
S08000026,201907,20,,25,
S08000028,201907,38,,47,
S08000029,201907,898,,938,
S08000030,201907,680,,715,
S08000031,201907,6171,,6171,y e
S08000032,201907,936,,1183,
S92000003,201907,12647,d,13121,d
SB0803,201907,82,,107,
S08000015,201906,287,,306,
S08000016,201906,100,,100,
S08000017,201906,304,,319,
S08000019,201906,331,u,374,u
S08000020,201906,512,,512,y
S08000022,201906,328,,346,
S08000024,201906,1633,,1669,
S08000025,201906,20,,20,
S08000026,201906,39,,39,
S08000028,201906,74,,95,
S08000029,201906,867,,926,
S08000030,201906,685,,717,
S08000031,201906,6127,,6127,y e
S08000032,201906,843,,1101,
S92000003,201906,12218,d,12750,d
SB0803,201906,68,,99,
S08000015,201905,420,,439,
S08000016,201905,93,,93,
S08000017,201905,330,,345,
S08000019,201905,393,u,406,u
S08000020,201905,600,,600,y
S08000022,201905,376,,391,
S08000024,201905,1891,,1937,
S08000025,201905,22,,22,
S08000026,201905,32,,32,
S08000028,201905,34,,38,
S08000029,201905,1082,,1130,
S08000030,201905,722,,760,
S08000031,201905,6591,,6591,y e
S08000032,201905,899,,1121,
S92000003,201905,13559,d,14001,d
SB0803,201905,74,,96,
S08000015,201904,362,b,377,b
S08000016,201904,74,,74,
S08000017,201904,305,,316,
S08000019,201904,348,u,365,u
S08000020,201904,531,,531,y
S08000022,201904,251,,261,
S08000024,201904,1394,,1436,
S08000025,201904,16,,16,
S08000026,201904,31,,31,
S08000028,201904,20,,20,
S08000029,201904,759,,810,
S08000030,201904,649,,681,
S08000031,201904,6071,,6071,y e
S08000032,201904,870,,1096,
S92000003,201904,11737,d,12152,d
SB0803,201904,56,,67,
S08000015,201903,1110,,1623,
S08000016,201903,77,,77,
S08000017,201903,362,,370,
S08000019,201903,343,,354,
S08000020,201903,563,,563,y
S08000021,201903,6596,,6596,y e
S08000022,201903,306,,323,
S08000023,201903,1067,,1335,
S08000024,201903,1752,,1791,
S08000025,201903,13,,13,
S08000026,201903,36,,39,
S08000028,201903,29,,29,
S08000029,201903,902,,976,
S08000030,201903,718,,761,
S92000003,201903,13953,d,14944,d
SB0803,201903,79,,94,
S08000015,201902,1203,,1701,
S08000016,201902,91,,93,
S08000017,201902,356,,365,
S08000019,201902,327,,341,
S08000020,201902,555,,555,y
S08000021,201902,6522,,6522,y e
S08000022,201902,307,,328,
S08000023,201902,981,,1218,
S08000024,201902,1553,,1612,
S08000025,201902,17,,17,
S08000026,201902,39,,39,
S08000028,201902,29,,29,
S08000029,201902,856,,943,
S08000030,201902,635,,658,
S92000003,201902,13549,d,14534,d
SB0803,201902,78,,113,
S08000015,201901,1088,,1623,
S08000016,201901,80,,82,
S08000017,201901,383,,395,
S08000019,201901,428,,446,
S08000020,201901,475,,475,y
S08000021,201901,6280,,6280,y e
S08000022,201901,344,,370,
S08000023,201901,948,,1151,
S08000024,201901,1485,,1532,
S08000025,201901,21,,21,
S08000026,201901,26,,33,
S08000028,201901,37,,37,
S08000029,201901,902,,976,
S08000030,201901,713,,742,
S92000003,201901,13266,d,14243,d
SB0803,201901,56,,80,
S08000015,201812,852,u,1307,u
S08000016,201812,86,u,92,u
S08000017,201812,304,u,315,u
S08000019,201812,308,u,317,u
S08000020,201812,541,u,541,u
S08000021,201812,4963,u,4963,u
S08000022,201812,300,u,300,u
S08000023,201812,837,u,1046,u
S08000024,201812,1261,u,1305,u
S08000025,201812,18,u,18,u
S08000026,201812,28,u,33,u
S08000028,201812,7,u,7,u
S08000029,201812,625,u,692,u
S08000030,201812,574,u,617,u
S92000003,201812,10704,d y u,11553,d y u
SB0803,201812,,:,,:
S08000015,201811,1024,u,1496,u
S08000016,201811,124,u,127,u
S08000017,201811,396,u,408,u
S08000019,201811,511,u,525,u
S08000020,201811,566,u,566,u
S08000021,201811,6562,u,6562,u
S08000022,201811,418,u,418,u
S08000023,201811,1185,u,1399,u
S08000024,201811,1763,u,1806,u
S08000025,201811,13,u,13,u
S08000026,201811,49,u,49,u
S08000028,201811,13,u,13,u
S08000029,201811,836,u,889,u
S08000030,201811,681,u,723,u
S92000003,201811,14173,d u,15092,d u
SB0803,201811,32,u,98,u
S08000015,201810,1316,u,1830,u
S08000016,201810,84,u,84,u
S08000017,201810,383,u,391,u
S08000019,201810,448,u,473,u
S08000020,201810,567,u,567,u
S08000021,201810,6786,u,6786,u
S08000022,201810,283,u,287,u
S08000023,201810,1170,u,1404,u
S08000024,201810,1718,u,1767,u
S08000025,201810,24,u,24,u
S08000026,201810,34,u,34,u
S08000028,201810,21,u,21,u
S08000029,201810,855,u,943,u
S08000030,201810,621,u,647,u
S92000003,201810,14342,d u,15378,d u
SB0803,201810,32,u,120,u
S08000015,201809,1067,u,1472,u
S08000016,201809,56,u,88,u
S08000017,201809,317,u,328,u
S08000019,201809,388,u,406,u
S08000020,201809,442,u,442,u
S08000021,201809,5746,u,5746,u
S08000022,201809,350,u,374,u
S08000023,201809,1002,u,1171,u
S08000024,201809,1399,u,1428,u
S08000025,201809,8,u,8,u
S08000026,201809,46,u,46,u
S08000028,201809,16,u,16,u
S08000029,201809,793,u,875,u
S08000030,201809,600,u,637,u
S92000003,201809,12241,d u,13095,d u
SB0803,201809,11,u,58,u
S08000015,201808,1161,u,1665,u
S08000016,201808,56,u,88,u
S08000017,201808,300,u,309,u
S08000019,201808,433,u,446,u
S08000020,201808,434,u,434,u
S08000021,201808,6692,u,6692,u
S08000022,201808,180,u,180,u
S08000023,201808,1116,u,1282,u
S08000024,201808,1634,u,1668,u
S08000025,201808,6,u,6,u
S08000026,201808,45,u,47,u
S08000028,201808,20,u,20,u
S08000029,201808,857,u,922,u
S08000030,201808,641,u,704,u
S92000003,201808,13586,d u,14521,d u
SB0803,201808,11,u,58,u
S08000015,201807,1031,u,1409,u
S08000016,201807,68,u,74,u
S08000017,201807,378,u,382,u
S08000019,201807,445,u,463,u
S08000020,201807,427,u,427,u
S08000021,201807,5910,u,5910,u
S08000022,201807,355,u,355,u
S08000023,201807,940,u,1120,u
S08000024,201807,1498,u,1525,u
S08000025,201807,24,u,24,u
S08000026,201807,42,u,47,u
S08000028,201807,12,u,12,u
S08000029,201807,741,u,788,u
S08000030,201807,581,u,609,u
S92000003,201807,12469,d u,13202,d u
SB0803,201807,17,u,57,u
S08000015,201806,1138,u,1611,u
S08000016,201806,84,u,84,u
S08000017,201806,346,u,354,u
S08000019,201806,423,u,452,u
S08000020,201806,577,u,577,u
S08000021,201806,6051,u,6051,u
S08000022,201806,407,u,407,u
S08000023,201806,1088,u,1250,u
S08000024,201806,1595,u,1622,u
S08000025,201806,23,u,23,u
S08000026,201806,40,u,40,u
S08000028,201806,24,u,24,u
S08000029,201806,809,u,868,u
S08000030,201806,570,u,607,u
S92000003,201806,13205,d u,14039,d u
SB0803,201806,30,u,69,u
S08000015,201805,1053,u,1459,u
S08000016,201805,107,u,108,u
S08000017,201805,330,u,338,u
S08000019,201805,488,u,530,u
S08000020,201805,529,u,529,u
S08000021,201805,6359,u,6359,u
S08000022,201805,388,u,388,u
S08000023,201805,1172,u,1395,u
S08000024,201805,1698,u,1744,u
S08000025,201805,13,u,13,u
S08000026,201805,39,u,40,u
S08000028,201805,27,u,27,u
S08000029,201805,958,u,1009,u
S08000030,201805,568,u,595,u
S92000003,201805,13776,d u,14619,d u
SB0803,201805,47,u,85,u
S08000015,201804,951,u,1293,u
S08000016,201804,86,u,86,u
S08000017,201804,293,u,306,u
S08000019,201804,472,u,531,u
S08000020,201804,513,u,513,u
S08000021,201804,5872,u,5872,u
S08000022,201804,397,u,397,u
S08000023,201804,1048,u,1218,u
S08000024,201804,1470,u,1504,u
S08000025,201804,17,u,17,u
S08000026,201804,52,u,53,u
S08000028,201804,14,u,14,u
S08000029,201804,763,u,805,u
S08000030,201804,474,u,505,u
S92000003,201804,12488,d u,13224,d u
SB0803,201804,66,u,110,u
S08000015,201803,1040,u,1437,u
S08000016,201803,68,u,68,u
S08000017,201803,350,u,365,u
S08000019,201803,417,u,468,u
S08000020,201803,543,u,543,u
S08000021,201803,5632,u,5632,u
S08000022,201803,376,u,377,u
S08000023,201803,1003,u,1142,u
S08000024,201803,1408,u,1428,u
S08000025,201803,11,u,11,u
S08000026,201803,57,u,58,u
S08000028,201803,16,u,16,u
S08000029,201803,790,u,844,u
S08000030,201803,497,u,543,u
S92000003,201803,12252,d u,12996,d u
SB0803,201803,44,u,64,u
S08000015,201802,953,u,1300,u
S08000016,201802,65,u,65,u
S08000017,201802,275,u,285,u
S08000019,201802,404,u,425,u
S08000020,201802,475,u,475,u
S08000021,201802,5450,u,5450,u
S08000022,201802,351,u,351,u
S08000023,201802,1045,u,1209,u
S08000024,201802,1404,u,1427,u
S08000025,201802,7,u,7,u
S08000026,201802,34,u,35,u
S08000028,201802,8,u,8,u
S08000029,201802,749,u,792,u
S08000030,201802,466,u,502,u
S92000003,201802,11745,d u,12413,d u
SB0803,201802,59,u,82,u
S08000015,201801,975,u,1381,u
S08000016,201801,83,u,84,u
S08000017,201801,336,u,345,u
S08000018,201801,787,u,829,u
S08000019,201801,396,u,445,u
S08000020,201801,460,u,460,u
S08000021,201801,5598,u,5598,u
S08000022,201801,445,u,474,u
S08000023,201801,914,u,1080,u
S08000024,201801,1535,u,1554,u
S08000025,201801,16,u,16,u
S08000026,201801,29,u,34,u
S08000027,201801,517,u,560,u
S08000028,201801,14,u,14,u
S92000003,201801,12135,d u,12919,d u
SB0803,201801,30,u,45,u
S08000015,201712,807,u,1225,u
S08000016,201712,60,u,60,u
S08000017,201712,363,u,374,u
S08000018,201712,643,u,683,u
S08000019,201712,373,u,409,u
S08000020,201712,459,u,459,u
S08000021,201712,4533,u,4533,u
S08000022,201712,293,u,294,u
S08000023,201712,834,u,996,u
S08000024,201712,990,u,1004,u
S08000025,201712,7,u,7,u
S08000026,201712,41,u,41,u
S08000027,201712,436,u,469,u
S08000028,201712,17,u,17,u
S92000003,201712,9891,d u,10616,d u
SB0803,201712,35,u,45,u
S08000015,201711,1129,u,1580,u
S08000016,201711,57,u,58,u
S08000017,201711,363,u,374,u
S08000018,201711,857,u,918,u
S08000019,201711,449,u,494,u
S08000020,201711,517,u,517,u
S08000021,201711,6124,u,6124,u
S08000022,201711,493,u,494,u
S08000023,201711,1164,u,1396,u
S08000024,201711,1521,u,1548,u
S08000025,201711,14,u,14,u
S08000026,201711,42,u,42,u
S08000027,201711,568,u,591,u
S08000028,201711,19,u,19,u
S92000003,201711,13362,d u,14229,d u
SB0803,201711,45,u,60,u
S08000015,201710,1048,u,1458,u
S08000016,201710,79,u,81,u
S08000017,201710,339,u,351,u
S08000018,201710,802,u,849,u
S08000019,201710,453,u,488,u
S08000020,201710,439,u,439,u
S08000021,201710,5906,u,5906,u
S08000022,201710,463,u,466,u
S08000023,201710,1112,u,1332,u
S08000024,201710,1616,u,1636,u
S08000025,201710,9,u,9,u
S08000026,201710,11,u,11,u
S08000027,201710,498,u,533,u
S08000028,201710,13,u,13,u
S92000003,201710,12805,d u,13599,d u
SB0803,201710,17,u,27,u
S08000015,201709,804,u,1180,u
S08000016,201709,61,u,63,u
S08000017,201709,334,u,348,u
S08000018,201709,791,u,842,u
S08000019,201709,454,u,496,u
S08000020,201709,474,u,474,u
S08000021,201709,5306,u,5306,u
S08000022,201709,433,u,434,u
S08000023,201709,1065,u,1216,u
S08000024,201709,1411,u,1432,u
S08000025,201709,15,u,15,u
S08000026,201709,32,u,33,u
S08000027,201709,,:,,:
S08000028,201709,7,u,7,u
S92000003,201709,11201,d y u,11869,d y u
SB0803,201709,14,u,23,u
S08000015,201708,858,u,1195,u
S08000016,201708,88,u,88,u
S08000017,201708,315,u,330,u
S08000018,201708,767,u,802,u
S08000019,201708,488,u,527,u
S08000020,201708,371,u,371,u
S08000021,201708,5947,u,5947,u
S08000022,201708,446,u,447,u
S08000023,201708,1005,u,1167,u
S08000024,201708,1456,u,1464,u
S08000025,201708,13,u,13,u
S08000026,201708,48,u,48,u
S08000027,201708,,:,,:
S08000028,201708,15,u,15,u
S92000003,201708,11818,d y u,12416,d y u
SB0803,201708,1,u,2,u
S08000015,201707,834,u,1204,u
S08000016,201707,71,u,71,u
S08000017,201707,270,u,281,u
S08000018,201707,635,u,683,u
S08000019,201707,444,u,481,u
S08000020,201707,351,u,351,u
S08000021,201707,5110,u,5110,u
S08000022,201707,376,u,378,u
S08000023,201707,843,u,1004,u
S08000024,201707,1170,u,1200,u
S08000025,201707,14,u,14,u
S08000026,201707,20,u,20,u
S08000027,201707,,:,,:
S08000028,201707,9,u,9,u
S92000003,201707,10164,d y u,10829,d y u
SB0803,201707,17,u,23,u
S08000015,201706,842,u,1304,u
S08000016,201706,122,u,122,u
S08000017,201706,326,u,337,u
S08000018,201706,823,u,862,u
S08000019,201706,441,u,454,u
S08000020,201706,481,u,481,u
S08000021,201706,1404,u,1404,u
S08000022,201706,481,u,483,u
S08000023,201706,1176,u,1345,u
S08000024,201706,1413,u,1436,u
S08000025,201706,,:,,:
S08000026,201706,20,u,21,u
S08000027,201706,335,u,424,u
S08000028,201706,7,u,7,u
S92000003,201706,7899,d y u,8719,d y u
SB0803,201706,28,u,39,u
S08000015,201705,815,u,1136,u
S08000016,201705,100,u,101,u
S08000017,201705,375,u,386,u
S08000018,201705,859,u,906,u
S08000019,201705,457,u,499,u
S08000020,201705,496,u,496,u
S08000021,201705,1474,u,1474,u
S08000022,201705,499,u,504,u
S08000023,201705,1051,u,1210,u
S08000024,201705,1311,u,1341,u
S08000025,201705,,:,,:
S08000026,201705,40,u,40,u
S08000027,201705,517,u,614,u
S08000028,201705,7,u,8,u
S92000003,201705,8038,d y u,8767,d y u
SB0803,201705,37,u,52,u
S08000015,201704,778,u,1071,u
S08000016,201704,101,u,102,u
S08000017,201704,241,u,257,u
S08000018,201704,457,u,478,u
S08000019,201704,343,u,367,u
S08000020,201704,370,u,370,u
S08000021,201704,1353,u,1353,u
S08000022,201704,385,u,387,u
S08000023,201704,880,u,1003,u
S08000024,201704,847,u,861,u
S08000025,201704,,:,,:
S08000026,201704,18,u,19,u
S08000027,201704,383,u,490,u
S08000028,201704,2,u,2,u
S92000003,201704,6183,d y u,6794,d y u
SB0803,201704,25,u,34,u
S08000015,201703,870,u,1294,u
S08000016,201703,93,u,95,u
S08000017,201703,355,u,374,u
S08000018,201703,798,u,846,u
S08000019,201703,428,u,457,u
S08000020,201703,518,u,518,u
S08000021,201703,1731,u,1731,u
S08000022,201703,478,u,479,u
S08000023,201703,1184,u,1332,u
S08000024,201703,1163,u,1175,u
S08000025,201703,,:,,:
S08000026,201703,28,u,29,u
S08000027,201703,599,u,687,u
S08000028,201703,2,u,2,u
S92000003,201703,8286,d y u,9076,d y u
SB0803,201703,39,u,57,u
S08000015,201702,798,u,1124,u
S08000016,201702,85,u,85,u
S08000017,201702,320,u,327,u
S08000018,201702,688,u,737,u
S08000019,201702,292,u,323,u
S08000020,201702,438,u,438,u
S08000021,201702,1367,u,1367,u
S08000022,201702,430,u,430,u
S08000023,201702,1028,u,1201,u
S08000024,201702,1026,u,1049,u
S08000025,201702,,:,,:
S08000026,201702,17,u,17,u
S08000027,201702,526,u,588,u
S08000028,201702,5,u,5,u
S92000003,201702,7067,d y u,7755,d y u
SB0803,201702,47,u,64,u
S08000015,201701,839,u,1214,u
S08000016,201701,112,u,113,u
S08000017,201701,291,u,304,u
S08000018,201701,599,u,624,u
S08000019,201701,264,u,280,u
S08000020,201701,398,u,398,u
S08000021,201701,1611,u,1611,u
S08000022,201701,507,u,508,u
S08000023,201701,999,u,1152,u
S08000024,201701,1030,u,1044,u
S08000025,201701,,:,,:
S08000026,201701,34,u,34,u
S08000027,201701,396,u,484,u
S08000028,201701,4,u,4,u
S92000003,201701,7084,d y u,7770,d y u
S08000015,201612,707,u,1062,u
S08000016,201612,92,u,96,u
S08000017,201612,282,u,294,u
S08000018,201612,622,u,648,u
S08000019,201612,327,u,338,u
S08000020,201612,486,u,486,u
S08000021,201612,1845,u,1845,u
S08000022,201612,494,u,497,u
S08000023,201612,997,u,1144,u
S08000024,201612,869,u,873,u
S08000025,201612,,:,,:
S08000026,201612,26,u,28,u
S08000027,201612,492,u,563,u
S08000028,201612,2,u,2,u
S92000003,201612,7241,d y u,7876,d y u
S08000015,201611,889,u,1222,u
S08000016,201611,100,u,101,u
S08000017,201611,371,u,379,u
S08000018,201611,724,u,751,u
S08000019,201611,293,u,306,u
S08000020,201611,579,u,579,u
S08000021,201611,2354,u,2354,u
S08000022,201611,386,u,390,u
S08000023,201611,1117,u,1292,u
S08000024,201611,1153,u,1172,u
S08000025,201611,,:,,:
S08000026,201611,35,u,35,u
S08000027,201611,543,u,626,u
S08000028,201611,7,u,7,u
S92000003,201611,8551,d y u,9214,d y u
S08000015,201610,704,u,1060,u
S08000016,201610,111,u,111,u
S08000017,201610,290,u,303,u
S08000018,201610,621,u,661,u
S08000019,201610,252,u,266,u
S08000020,201610,451,u,451,u
S08000021,201610,2177,u,2177,u
S08000022,201610,409,u,413,u
S08000023,201610,1030,u,1178,u
S08000024,201610,1064,u,1079,u
S08000025,201610,,:,,:
S08000026,201610,19,u,19,u
S08000027,201610,483,u,591,u
S08000028,201610,6,u,6,u
S92000003,201610,7617,d y u,8315,d y u
S08000015,201609,856,u,1266,u
S08000016,201609,113,u,114,u
S08000017,201609,301,u,313,u
S08000018,201609,737,u,786,u
S08000019,201609,232,u,241,u
S08000020,201609,504,u,504,u
S08000021,201609,4024,u,4024,u
S08000022,201609,392,u,399,u
S08000023,201609,1056,u,1197,u
S08000024,201609,1009,u,1032,u
S08000025,201609,,:,,:
S08000026,201609,36,u,36,u
S08000027,201609,398,u,572,u
S08000028,201609,20,u,20,u
S92000003,201609,9678,d y u,10504,d y u
S08000015,201608,814,u,1197,u
S08000016,201608,73,u,77,u
S08000017,201608,317,u,324,u
S08000018,201608,679,u,723,u
S08000019,201608,305,u,319,u
S08000020,201608,396,u,396,u
S08000021,201608,3056,u,3056,u
S08000022,201608,403,u,406,u
S08000023,201608,984,u,1134,u
S08000024,201608,1044,u,1064,u
S08000025,201608,,:,,:
S08000026,201608,30,u,30,u
S08000027,201608,378,u,437,u
S08000028,201608,10,u,10,u
S92000003,201608,8489,d y u,9173,d y u
S08000015,201607,779,u,1099,u
S08000016,201607,76,u,77,u
S08000017,201607,305,u,315,u
S08000018,201607,663,u,700,u
S08000019,201607,273,u,286,u
S08000020,201607,323,u,323,u
S08000021,201607,2934,u,2934,u
S08000022,201607,374,u,376,u
S08000023,201607,781,u,892,u
S08000024,201607,914,u,928,u
S08000025,201607,,:,,:
S08000026,201607,30,u,30,u
S08000027,201607,304,u,360,u
S08000028,201607,8,u,8,u
S92000003,201607,7764,d y u,8328,d y u
S08000015,201606,880,u,1192,u
S08000016,201606,84,u,90,u
S08000017,201606,305,u,315,u
S08000018,201606,707,u,757,u
S08000019,201606,301,u,306,u
S08000020,201606,493,u,493,u
S08000021,201606,3696,u,3696,u
S08000022,201606,375,u,377,u
S08000023,201606,1058,u,1198,u
S08000024,201606,992,u,1017,u
S08000025,201606,,:,,:
S08000026,201606,35,u,37,u
S08000027,201606,399,u,475,u
S08000028,201606,19,u,19,u
S92000003,201606,9344,d y u,9972,d y u
S08000015,201605,856,u,1197,u
S08000016,201605,87,u,91,u
S08000017,201605,316,u,338,u
S08000018,201605,724,u,779,u
S08000019,201605,318,u,324,u
S08000020,201605,446,u,446,u
S08000021,201605,4260,u,4260,u
S08000022,201605,385,u,390,u
S08000023,201605,1059,u,1203,u
S08000024,201605,944,u,963,u
S08000025,201605,,:,,:
S08000026,201605,33,u,35,u
S08000027,201605,334,u,404,u
S08000028,201605,15,u,15,u
S92000003,201605,9777,d y u,10445,d y u
S08000015,201604,919,u,1274,u
S08000016,201604,76,u,76,u
S08000017,201604,354,u,368,u
S08000018,201604,725,u,785,u
S08000019,201604,371,u,372,u
S08000020,201604,484,u,484,u
S08000021,201604,4650,u,4650,u
S08000022,201604,308,u,311,u
S08000023,201604,969,u,1105,u
S08000024,201604,1072,u,1091,u
S08000025,201604,,:,,:
S08000026,201604,29,u,29,u
S08000027,201604,322,u,379,u
S08000028,201604,18,u,18,u
S92000003,201604,10297,d y u,10942,d y u
S08000015,201603,980,u,1323,u
S08000016,201603,97,u,99,u
S08000017,201603,341,u,355,u
S08000018,201603,721,u,785,u
S08000019,201603,358,u,363,u
S08000020,201603,485,u,485,u
S08000021,201603,5333,u,5333,u
S08000022,201603,432,u,443,u
S08000023,201603,1197,u,1373,u
S08000024,201603,1014,u,1027,u
S08000025,201603,,:,,:
S08000026,201603,48,u,48,u
S08000027,201603,371,u,437,u
S08000028,201603,4,u,4,u
S92000003,201603,11381,d y u,12075,d y u
S08000015,201602,962,u,1307,u
S08000016,201602,81,u,83,u
S08000017,201602,324,u,333,u
S08000018,201602,739,u,785,u
S08000019,201602,306,u,308,u
S08000020,201602,528,u,528,u
S08000021,201602,5519,u,5519,u
S08000022,201602,465,u,481,u
S08000023,201602,1192,u,1331,u
S08000024,201602,1008,u,1036,u
S08000025,201602,,:,,:
S08000026,201602,31,u,31,u
S08000027,201602,385,u,446,u
S08000028,201602,6,u,6,u
S92000003,201602,11546,d y u,12194,d y u
S08000015,201601,810,u,1101,u
S08000016,201601,72,u,74,u
S08000017,201601,311,u,319,u
S08000018,201601,647,u,689,u
S08000019,201601,304,u,313,u
S08000020,201601,454,u,454,u
S08000021,201601,5429,u,5429,u
S08000022,201601,446,u,457,u
S08000023,201601,940,u,1013,u
S08000024,201601,786,u,789,u
S08000025,201601,,:,,:
S08000026,201601,40,u,40,u
S08000027,201601,292,u,365,u
S08000028,201601,8,u,8,u
S92000003,201601,10539,d y u,11051,d y u
S08000015,201512,813,u,1128,u
S08000016,201512,62,u,62,u
S08000017,201512,298,u,312,u
S08000018,201512,682,u,751,u
S08000019,201512,318,u,335,u
S08000020,201512,471,u,471,u
S08000021,201512,5523,u,5523,u
S08000022,201512,332,u,332,u
S08000023,201512,1053,u,1131,u
S08000024,201512,895,u,907,u
S08000025,201512,,:,,:
S08000026,201512,32,u,32,u
S08000027,201512,305,u,380,u
S08000028,201512,8,u,8,u
S92000003,201512,10792,d y u,11372,d y u
S08000015,201511,979,u,1364,u
S08000016,201511,88,u,88,u
S08000017,201511,381,u,395,u
S08000018,201511,711,u,768,u
S08000019,201511,359,u,371,u
S08000020,201511,504,u,504,u
S08000021,201511,6171,u,6171,u
S08000022,201511,290,u,290,u
S08000023,201511,1196,u,1285,u
S08000024,201511,1086,u,1104,u
S08000025,201511,,:,,:
S08000026,201511,55,u,55,u
S08000027,201511,406,u,433,u
S08000028,201511,7,u,7,u
S92000003,201511,12233,d y u,12835,d y u
S08000015,201510,936,u,1272,u
S08000016,201510,113,u,113,u
S08000017,201510,316,u,327,u
S08000018,201510,677,u,717,u
S08000019,201510,299,u,313,u
S08000020,201510,445,u,445,u
S08000021,201510,5974,u,5974,u
S08000022,201510,,:,,:
S08000023,201510,1127,u,1231,u
S08000024,201510,1012,u,1030,u
S08000025,201510,,:,,:
S08000026,201510,41,u,41,u
S08000027,201510,369,u,454,u
S08000028,201510,4,u,4,u
S92000003,201510,11313,d y u,11921,d y u
S08000015,201509,856,u,1205,u
S08000016,201509,81,u,81,u
S08000017,201509,359,u,369,u
S08000018,201509,693,u,744,u
S08000019,201509,325,u,344,u
S08000020,201509,536,u,536,u
S08000021,201509,5755,u,5755,u
S08000022,201509,,:,,:
S08000023,201509,1085,u,1181,u
S08000024,201509,637,u,652,u
S08000025,201509,,:,,:
S08000026,201509,37,u,38,u
S08000027,201509,348,u,402,u
S08000028,201509,6,u,6,u
S92000003,201509,10718,d y u,11313,d y u
S08000015,201508,807,u,1097,u
S08000016,201508,81,u,81,u
S08000017,201508,315,u,319,u
S08000018,201508,443,u,486,u
S08000019,201508,246,u,266,u
S08000020,201508,385,u,385,u
S08000021,201508,5287,u,5287,u
S08000022,201508,,:,,:
S08000023,201508,918,u,985,u
S08000024,201508,599,u,614,u
S08000025,201508,,:,,:
S08000026,201508,29,u,30,u
S08000027,201508,336,u,395,u
S08000028,201508,6,u,6,u
S92000003,201508,9452,d y u,9951,d y u
S08000015,201507,969,u,1338,u
S08000016,201507,68,u,71,u
S08000017,201507,328,u,331,u
S08000018,201507,663,u,699,u
S08000019,201507,342,u,358,u
S08000020,201507,407,u,407,u
S08000021,201507,5752,u,5752,u
S08000022,201507,,:,,:
S08000023,201507,885,u,949,u
S08000024,201507,675,u,691,u
S08000025,201507,,:,,:
S08000026,201507,19,u,19,u
S08000027,201507,359,u,416,u
S08000028,201507,6,u,6,u
S92000003,201507,10473,d y u,11037,d y u
S08000015,201506,849,u,1188,u
S08000016,201506,93,u,95,u
S08000017,201506,343,u,348,u
S08000018,201506,619,u,655,u
S08000019,201506,247,u,266,u
S08000020,201506,406,u,406,u
S08000021,201506,6053,u,6053,u
S08000022,201506,175,u,175,u
S08000023,201506,1102,u,1163,u
S08000024,201506,745,u,756,u
S08000025,201506,5,u,5,u
S08000026,201506,6,u,6,u
S08000027,201506,396,u,467,u
S08000028,201506,4,u,4,u
S92000003,201506,11043,d u,11587,d y u
S08000015,201505,907,u,1256,u
S08000016,201505,59,u,59,u
S08000017,201505,301,u,315,u
S08000018,201505,658,u,697,u
S08000019,201505,331,u,353,u
S08000020,201505,434,u,434,u
S08000021,201505,5675,u,5675,u
S08000022,201505,,:,,:
S08000023,201505,898,u,964,u
S08000024,201505,673,u,679,u
S08000025,201505,4,u,4,u
S08000026,201505,,:,,:
S08000027,201505,361,u,406,u
S08000028,201505,14,u,14,u
S92000003,201505,10315,d y u,10856,d y u
S08000015,201504,921,u,1173,u
S08000016,201504,72,u,73,u
S08000017,201504,294,u,307,u
S08000018,201504,500,u,530,u
S08000019,201504,319,u,326,u
S08000020,201504,414,u,414,u
S08000021,201504,5398,u,5398,u
S08000022,201504,,:,,:
S08000023,201504,835,u,916,u
S08000024,201504,633,u,652,u
S08000025,201504,6,u,7,u
S08000026,201504,,:,,:
S08000027,201504,292,u,348,u
S08000028,201504,6,u,6,u
S92000003,201504,9690,d y u,10150,d y u
S08000015,201503,1174,u,1501,u
S08000016,201503,69,u,70,u
S08000017,201503,339,u,349,u
S08000018,201503,636,u,691,u
S08000019,201503,311,u,327,u
S08000020,201503,436,u,436,u
S08000021,201503,6239,u,6239,u
S08000022,201503,,:,,:
S08000023,201503,965,u,1052,u
S08000024,201503,678,u,684,u
S08000025,201503,14,u,14,u
S08000026,201503,,:,,:
S08000027,201503,370,u,442,u
S08000028,201503,6,u,6,u
S92000003,201503,11237,d y u,11811,d y u
S08000015,201502,1035,u,1295,u
S08000016,201502,74,u,77,u
S08000017,201502,343,u,353,u
S08000018,201502,451,u,492,u
S08000019,201502,315,u,339,u
S08000020,201502,392,u,392,u
S08000021,201502,5694,u,5694,u
S08000022,201502,,:,,:
S08000023,201502,903,u,967,u
S08000024,201502,621,u,629,u
S08000025,201502,12,u,12,u
S08000026,201502,8,u,8,u
S08000027,201502,307,u,388,u
S08000028,201502,12,u,12,u
S92000003,201502,10167,d y u,10658,d y u
S08000015,201501,1046,u,1308,u
S08000016,201501,62,u,63,u
S08000017,201501,285,u,293,u
S08000018,201501,507,u,537,u
S08000019,201501,268,u,277,u
S08000020,201501,347,u,347,u
S08000021,201501,6618,u,6618,u
S08000022,201501,,:,,:
S08000023,201501,793,u,904,u
S08000024,201501,626,u,636,u
S08000025,201501,13,u,14,u
S08000026,201501,11,u,11,u
S08000027,201501,313,u,412,u
S08000028,201501,4,u,4,u
S92000003,201501,10893,d y u,11424,d y u
S08000015,201412,1002,u,1254,u
S08000016,201412,76,u,77,u
S08000017,201412,298,u,304,u
S08000018,201412,425,u,452,u
S08000019,201412,262,u,284,u
S08000020,201412,358,u,358,u
S08000021,201412,5486,u,5486,u
S08000022,201412,,:,,:
S08000023,201412,473,u,559,u
S08000024,201412,854,u,946,u
S08000025,201412,2,u,2,u
S08000026,201412,14,u,14,u
S08000027,201412,336,u,413,u
S08000028,201412,6,u,6,u
S92000003,201412,9592,d y u,10155,d y u
S08000015,201411,1083,u,1326,u
S08000016,201411,61,u,64,u
S08000017,201411,278,u,287,u
S08000018,201411,498,u,528,u
S08000019,201411,298,u,322,u
S08000020,201411,319,u,319,u
S08000021,201411,6133,u,6133,u
S08000022,201411,,:,,:
S08000023,201411,514,u,601,u
S08000024,201411,928,u,1012,u
S08000025,201411,10,u,10,u
S08000026,201411,15,u,15,u
S08000027,201411,356,u,503,u
S08000028,201411,8,u,8,u
S92000003,201411,10501,d y u,11128,d y u
S08000015,201410,1088,u,1358,u
S08000016,201410,69,u,69,u
S08000017,201410,284,u,298,u
S08000018,201410,525,u,557,u
S08000019,201410,259,u,277,u
S08000020,201410,348,u,348,u
S08000021,201410,6168,u,6168,u
S08000022,201410,,:,,:
S08000023,201410,601,u,705,u
S08000024,201410,971,u,1091,u
S08000025,201410,4,u,4,u
S08000026,201410,7,u,7,u
S08000027,201410,252,u,312,u
S08000028,201410,3,u,3,u
S92000003,201410,10579,d y u,11197,d y u
S08000015,201409,1013,u,1282,u
S08000016,201409,79,u,81,u
S08000017,201409,313,u,321,u
S08000018,201409,452,u,463,u
S08000019,201409,297,u,307,u
S08000020,201409,328,u,328,u
S08000021,201409,5468,u,5468,u
S08000022,201409,,:,,:
S08000023,201409,552,u,622,u
S08000024,201409,,:,,:
S08000025,201409,14,u,14,u
S08000026,201409,18,u,18,u
S08000027,201409,246,u,347,u
S08000028,201409,3,u,3,u
S92000003,201409,8783,d y u,9254,d y u
S08000015,201408,1011,u,1187,u
S08000016,201408,60,u,60,u
S08000017,201408,291,u,306,u
S08000018,201408,357,u,373,u
S08000019,201408,260,u,278,u
S08000020,201408,260,u,260,u
S08000021,201408,5676,u,5676,u
S08000022,201408,,:,,:
S08000023,201408,570,u,642,u
S08000024,201408,,:,,:
S08000025,201408,6,u,6,u
S08000026,201408,19,u,19,u
S08000027,201408,173,u,270,u
S08000028,201408,10,u,10,u
S92000003,201408,8693,d y u,9087,d y u
S08000015,201407,1069,u,1211,u
S08000016,201407,78,u,78,u
S08000017,201407,276,u,286,u
S08000018,201407,328,u,341,u
S08000019,201407,247,u,267,u
S08000020,201407,287,u,287,u
S08000021,201407,5136,u,5136,u
S08000022,201407,,:,,:
S08000023,201407,598,u,664,u
S08000024,201407,,:,,:
S08000025,201407,10,u,10,u
S08000026,201407,17,u,17,u
S08000027,201407,197,u,287,u
S08000028,201407,10,u,10,u
S92000003,201407,8253,d y u,8594,d y u
S08000015,201406,664,u,711,u
S08000016,201406,47,u,47,u
S08000017,201406,305,u,317,u
S08000018,201406,331,u,345,u
S08000019,201406,256,u,285,u
S08000020,201406,310,u,310,u
S08000021,201406,5137,u,5137,u
S08000022,201406,,:,,:
S08000023,201406,593,u,654,u
S08000024,201406,,:,,:
S08000025,201406,5,u,5,u
S08000026,201406,15,u,15,u
S08000027,201406,204,u,349,u
S08000028,201406,12,u,12,u
S92000003,201406,7879,d y u,8187,d y u
S08000015,201405,922,u,1032,u
S08000016,201405,50,u,53,u
S08000017,201405,292,u,306,u
S08000018,201405,409,u,426,u
S08000019,201405,227,u,246,u
S08000020,201405,329,u,329,u
S08000021,201405,5288,u,5288,u
S08000022,201405,,:,,:
S08000023,201405,623,u,706,u
S08000024,201405,,:,,:
S08000025,201405,8,u,8,u
S08000026,201405,17,u,17,u
S08000027,201405,224,u,324,u
S08000028,201405,17,u,17,u
S92000003,201405,8406,d y u,8752,d y u
S08000015,201404,909,u,1015,u
S08000016,201404,47,u,53,u
S08000017,201404,314,u,326,u
S08000018,201404,387,u,403,u
S08000019,201404,232,u,250,u
S08000020,201404,367,u,367,u
S08000021,201404,5085,u,5085,u
S08000022,201404,,:,,:
S08000023,201404,570,u,600,u
S08000024,201404,,:,,:
S08000025,201404,6,u,6,u
S08000026,201404,12,u,12,u
S08000027,201404,197,u,294,u
S08000028,201404,11,u,11,u
S92000003,201404,8137,d y u,8422,d y u
S08000015,201403,551,u,688,u
S08000016,201403,34,u,38,u
S08000017,201403,257,u,269,u
S08000018,201403,337,u,350,u
S08000019,201403,225,u,242,u
S08000020,201403,381,u,381,u
S08000021,201403,5327,u,5327,u
S08000022,201403,,:,,:
S08000023,201403,577,u,612,u
S08000024,201403,,:,,:
S08000025,201403,11,u,13,u
S08000026,201403,8,u,9,u
S08000027,201403,264,u,357,u
S08000028,201403,15,u,15,u
S92000003,201403,7987,d y u,8301,d y u
S08000015,201402,518,u,590,u
S08000016,201402,41,u,43,u
S08000017,201402,290,u,296,u
S08000018,201402,452,u,467,u
S08000019,201402,222,u,247,u
S08000020,201402,396,u,396,u
S08000021,201402,5063,u,5063,u
S08000022,201402,238,u,242,u
S08000023,201402,561,u,622,u
S08000024,201402,,:,,:
S08000025,201402,3,u,3,u
S08000026,201402,9,u,9,u
S08000027,201402,245,u,312,u
S08000028,201402,11,u,12,u
S92000003,201402,8049,d y u,8302,d y u
S08000015,201401,,:,,:
S08000016,201401,96,u,96,u
S08000017,201401,321,u,332,u
S08000018,201401,520,u,520,u
S08000019,201401,235,u,256,u
S08000020,201401,318,u,318,u
S08000021,201401,,:,,:
S08000022,201401,248,u,291,u
S08000023,201401,640,u,687,u
S08000024,201401,,:,,:
S08000025,201401,13,u,13,u
S08000026,201401,5,u,13,u
S08000027,201401,103,u,215,u
S08000028,201401,23,u,23,u
S92000003,201401,2522,d y u,2764,d y u
